{"cameraMode":{"drawMode":0,"name":"Shaded","section":"Shading Mode"},"sceneLighting":false,"audioPlay":false,"sceneViewState":{"showFog":false,"showMaterialUpdate":false,"showSkybox":false,"showFlares":false,"showImageEffects":false,"showParticleSystems":false},"in2DMode":false,"pivot":{"x":0.04837873578071594,"y":1.4098628759384156,"z":10.822591781616211},"rotation":{"x":-0.12293196469545365,"y":0.10162867605686188,"z":-0.012660639360547066,"w":-0.9871238470077515},"size":1.2750897407531739,"orthographic":false}