{"cameraMode":{"drawMode":0,"name":"Shaded","section":"Shading Mode"},"sceneLighting":false,"audioPlay":false,"sceneViewState":{"showFog":false,"showMaterialUpdate":false,"showSkybox":false,"showFlares":false,"showImageEffects":false,"showParticleSystems":false},"in2DMode":false,"pivot":{"x":3.007087469100952,"y":1.5878045558929444,"z":-0.6050875186920166},"rotation":{"x":0.13814306259155274,"y":-0.607099711894989,"z":0.10822056978940964,"w":0.7750142216682434},"size":3.3000001907348635,"orthographic":false}