{"cameraMode":{"drawMode":0,"name":"Shaded","section":"Shading Mode"},"sceneLighting":false,"audioPlay":false,"sceneViewState":{"showFog":false,"showMaterialUpdate":false,"showSkybox":false,"showFlares":false,"showImageEffects":false,"showParticleSystems":false},"in2DMode":false,"pivot":{"x":-0.39317187666893008,"y":-0.7184348106384277,"z":0.15257084369659425},"rotation":{"x":0.4464719295501709,"y":-0.01610388420522213,"z":0.008039460517466069,"w":0.8946182727813721},"size":2.9193830490112306,"orthographic":false}