{"cameraMode":{"drawMode":0,"name":"Shaded","section":"Shading Mode"},"sceneLighting":false,"audioPlay":false,"sceneViewState":{"showFog":false,"showMaterialUpdate":false,"showSkybox":false,"showFlares":false,"showImageEffects":false,"showParticleSystems":false},"in2DMode":false,"pivot":{"x":0.12727658450603486,"y":1.7095061540603638,"z":0.2803100347518921},"rotation":{"x":0.053318701684474948,"y":0.04492029547691345,"z":-0.002400819445028901,"w":0.9975647330284119},"size":2.2125003337860109,"orthographic":false}