{"cameraMode":{"drawMode":0,"name":"Shaded","section":"Shading Mode"},"sceneLighting":false,"audioPlay":false,"sceneViewState":{"showFog":false,"showMaterialUpdate":true,"showSkybox":false,"showFlares":false,"showImageEffects":false,"showParticleSystems":false},"in2DMode":false,"pivot":{"x":0.6578333377838135,"y":0.06046557426452637,"z":0.5047045946121216},"rotation":{"x":0.12400277704000473,"y":0.2472895383834839,"z":-0.03192468732595444,"w":0.9604454636573792},"size":8.03783130645752,"orthographic":false}