{"cameraMode":{"drawMode":0,"name":"Shaded","section":"Shading Mode"},"sceneLighting":false,"audioPlay":false,"sceneViewState":{"showFog":false,"showMaterialUpdate":false,"showSkybox":false,"showFlares":false,"showImageEffects":false,"showParticleSystems":false},"in2DMode":false,"pivot":{"x":0.4265270233154297,"y":-0.4458491802215576,"z":4.335823059082031},"rotation":{"x":0.19545908272266389,"y":0.143584206700325,"z":-0.02894003316760063,"w":0.9697141051292419},"size":7.8566131591796879,"orthographic":false}