{"cameraMode":{"drawMode":0,"name":"Shaded","section":"Shading Mode"},"sceneLighting":false,"audioPlay":false,"sceneViewState":{"showFog":false,"showMaterialUpdate":false,"showSkybox":false,"showFlares":false,"showImageEffects":false,"showParticleSystems":false},"in2DMode":false,"pivot":{"x":2.5439460277557375,"y":0.8627433776855469,"z":-1.8476319313049317},"rotation":{"x":0.11105939745903015,"y":-0.6023833155632019,"z":0.08513778448104859,"w":0.7858520746231079},"size":2.266904354095459,"orthographic":false}