{"cameraMode":{"drawMode":0,"name":"Shaded","section":"Shading Mode"},"sceneLighting":false,"audioPlay":false,"sceneViewState":{"showFog":false,"showMaterialUpdate":false,"showSkybox":false,"showFlares":false,"showImageEffects":false,"showParticleSystems":false},"in2DMode":false,"pivot":{"x":-0.34798312187194826,"y":-0.7113821506500244,"z":4.453742980957031},"rotation":{"x":0.19545908272266389,"y":0.143584206700325,"z":-0.02894003316760063,"w":0.9697141051292419},"size":7.8566131591796879,"orthographic":false}