{"cameraMode":{"drawMode":0,"name":"Shaded","section":"Shading Mode"},"sceneLighting":false,"audioPlay":false,"sceneViewState":{"showFog":false,"showMaterialUpdate":false,"showSkybox":false,"showFlares":false,"showImageEffects":false,"showParticleSystems":false},"in2DMode":false,"pivot":{"x":0.40286779403686526,"y":0.11033439636230469,"z":-0.4191983938217163},"rotation":{"x":0.13210529088974,"y":0.07723429054021836,"z":-0.010320357978343964,"w":0.9881746172904968},"size":6.775055885314941,"orthographic":false}