{"cameraMode":{"drawMode":0,"name":"Shaded","section":"Shading Mode"},"sceneLighting":false,"audioPlay":false,"sceneViewState":{"showFog":false,"showMaterialUpdate":false,"showSkybox":false,"showFlares":false,"showImageEffects":false,"showParticleSystems":false},"in2DMode":false,"pivot":{"x":-12.014455795288086,"y":0.8355472087860107,"z":12.887476921081543},"rotation":{"x":0.08703865855932236,"y":0.37021297216415408,"z":-0.034861307591199878,"w":0.9242101311683655},"size":5.03061580657959,"orthographic":false}